{
  "version": 1,
  "createdAt": 1767697124060,
  "updatedAt": 1768654757422,
  "opinions": {
    "topic:the color red": {
      "score": 0.24502950000000004,
      "stance": "mixed",
      "rationale": "It attracts the wrong kind of complexity.",
      "createdAt": 1767697189270,
      "updatedAt": 1767929176762
    },
    "topic:neon green ui": {
      "score": 0.09033149999999995,
      "stance": "I’m torn.",
      "rationale": "It can be brilliant or obnoxious, depending on execution.",
      "createdAt": 1767698145729,
      "updatedAt": 1767698145729
    },
    "topic:possums": {
      "score": 0.24358799999999997,
      "stance": "I’m fond of it.",
      "rationale": "It tends to do what it says on the tin.",
      "createdAt": 1767712421904,
      "updatedAt": 1767712421904
    },
    "topic:the material of glass": {
      "score": -0.13829250000000004,
      "stance": "I’m torn.",
      "rationale": "It shines in the right context and fights you in the wrong one.",
      "createdAt": 1767750861877,
      "updatedAt": 1767750861877
    },
    "topic:brenton": {
      "score": 0.15387299999999993,
      "stance": "I’m torn.",
      "rationale": "It shines in the right context and fights you in the wrong one.",
      "createdAt": 1767756811542,
      "updatedAt": 1767756811542
    },
    "topic:jayden": {
      "score": 0.010597499999999982,
      "stance": "I’m torn.",
      "rationale": "It can be brilliant or obnoxious, depending on execution.",
      "createdAt": 1767757593732,
      "updatedAt": 1767757593732
    },
    "topic:me": {
      "score": 0.36290400000000006,
      "stance": "I’m fond of it.",
      "rationale": "It tends to do what it says on the tin.",
      "createdAt": 1767757665278,
      "updatedAt": 1767757665278
    },
    "topic:them": {
      "score": 0.2986580000000001,
      "stance": "mixed",
      "rationale": "It’s powerful, but easy to overdo.",
      "createdAt": 1767757802879,
      "updatedAt": 1767759968103
    },
    "topic:pineapple on pizza": {
      "score": 0.6919305,
      "stance": "like",
      "rationale": "User argument considered: it’s sweet-salty contrast and it works.",
      "createdAt": 1767759681786,
      "updatedAt": 1767759810612
    },
    "topic:the color blue": {
      "score": 0.024585000000000024,
      "stance": "It depends.",
      "rationale": "It shines in the right context and fights you in the wrong one.",
      "createdAt": 1767763346020,
      "updatedAt": 1767929145020
    },
    "topic:red": {
      "score": 0.10488549999999994,
      "stance": "mixed",
      "rationale": "It’s powerful, but easy to overdo.",
      "createdAt": 1767763402893,
      "updatedAt": 1767763402894
    },
    "topic:the color green": {
      "score": -0.20248949999999996,
      "stance": "I’m not a fan.",
      "rationale": "It’s the kind of thing that looks clever until you maintain it.",
      "createdAt": 1767788737459,
      "updatedAt": 1767788737459
    }
  },
  "prefs": {},
  "userTaste": {
    "likes": {
      "topic:pineapple on pizza": 0.55,
      "topic:them": 1.1
    },
    "dislikes": {},
    "updatedAt": 0
  },
  "moodBaseline": 0,
  "frustration": {
    "llm": 0,
    "tts": 0,
    "task": 0
  },
  "lastExplicitAt": 0
}